x,y,label
3.381568900776448,-3.4217582260170976,2
5.159138938270876,6.815702113067034,1
7.250949126169186,8.434215372145408,1
6.144624061479086,3.325287851881092,1
-2.600137526597342,-0.044972192430905056,0
-4.54279072176829,1.000659458664879,0
7.76627366575745,-6.59821622090119,2
9.64536872559683,-10.628189850163261,2
3.3504010809975004,4.0480029932317,1
-1.691875571801055,1.1397143312864346,0
-2.295532475600367,4.745229171910197,0
-1.3550339389687198,-1.6820063170369592,0
8.536901643499405,-7.994407006374281,2
-1.8605841656362931,1.4778153424153802,0
6.983982840555758,-8.596410893231935,2
-4.938346032324738,5.16243636796571,0
4.7104397899074115,5.638773551855509,1
13.86194600405386,-6.067339677744869,2
2.1703953885824916,2.5313324888446957,1
5.330358090077849,4.450203374210282,1
9.62868769219922,-6.789071289099921,2
-5.714163830483377,-0.7478652169491424,0
6.726413273511325,-6.069568869218203,2
-6.189732444831229,-1.205627543866734,0
-3.7831069895356104,3.760776607000388,0
7.659235592742369,-9.570139779378403,2
5.587648797320977,-6.587112972064948,2
5.9442487807942115,4.759183159680395,1
-6.179136551588876,5.711841637551651,0
14.239489740624652,-1.717850491130684,2
5.212810442023481,-2.713311322526856,2
4.6579000834784505,9.093933531496301,1
3.329101745460748,3.4331254681826597,1
-4.943439927367551,-0.9182816547104538,0
6.0263988825452515,2.5208680004289943,1
-2.3911501808327977,2.3894913872082006,0
10.444880482126946,-6.743154589283039,2
6.933483048087419,7.408218428653775,1
6.840112341387215,-6.005487903032111,2
-8.028502926263394,-0.05584099208091875,0
11.265225009955138,-6.425741710505913,2
5.325267120011787,2.6432209086760827,1
-3.394860047644292,0.3735690224008376,0
3.1073032866181163,4.20395509302873,1
3.521110805487334,-5.315774062317624,2
6.118641350530634,13.497512448732643,1
-0.31645989115374107,3.0352265163276373,0
5.696127677658797,4.666446365954012,1
12.000245574640072,-11.83606270115801,2
-5.880026911420566,0.4048825908545943,0
-0.5559989998992689,0.889766710546771,0
4.498637065954617,10.673697141709447,1
5.027438992891659,-4.39280122232634,2
-3.3092210005172413,5.875377486110015,0
6.7499422513146845,-7.060085192091193,2
-3.5035625608339602,2.720846871609109,0
-7.362394830108446,-1.882389424258935,0
10.886369217961992,-7.573495542803615,2
8.778836418809098,-8.014241571409553,2
-6.158203245617678,1.548406436536658,0
3.753632899138744,-10.687139528527005,2
-8.092992974204225,-2.006770725640147,0
8.551563071202784,-6.1286935885964695,2
-10.946890899971027,2.8407108377926464,0
3.2905818652720114,9.227348519882366,1
8.700867425053147,-8.313089338696042,2
1.1429978831557106,11.389917364248344,1
4.711412365033408,1.0275705085746054,1
10.832444086148382,-0.5371794639528602,2
2.303674914041705,5.7797066834906685,1
3.0403125042710144,-7.880823915729468,2
10.462642716488418,-7.547302952238549,2
3.024114550050665,8.782832162494604,1
6.924763155011844,-12.367907493845376,2
-5.751325248882706,0.2642751116004327,0
5.279142213874887,10.004785370063008,1
-5.842486956776738,4.001752799031401,0
7.474783338121339,-4.200579473402113,2
0.8220381543376396,-0.5695634107780925,0
8.794314255225899,-9.050289196219435,2
6.6850383689347215,8.77742396171489,1
2.2944605969318186,-5.037070731577698,2
6.996729423321322,-5.562702773716322,2
-1.9915975995126172,-1.2070713197481147,0
12.012756211633675,-11.074029478805237,2
3.822054791853411,4.170049155228246,1
5.123123912190019,-7.128800353740009,2
7.2020552023910165,4.452573168708722,1
1.3656233017670134,7.085692488737319,1
9.260204283333813,-7.513251687756737,2
1.4050271493922994,6.105599165948798,1
7.388194552959941,9.773739758956246,1
8.19498147336703,-8.767559636965041,2
7.301801953315864,-5.159173832013335,2
-7.1586143327114025,2.091279369158478,0
4.281764671762147,8.576827561013214,1
-3.1367305084920414,-1.0869326045810725,0
6.709812268527653,-10.548339138898587,2
-2.689754734340955,4.962839906417909,0
-4.172759907372306,2.855517429615226,0
3.765975483435451,3.8968223264237816,1
-6.162173390265257,3.616129484913488,0
-1.1576682937191172,1.0274274684450968,0
7.912629407544173,7.614752343103431,1
8.607621954638267,-4.72258602903194,2
5.087357000088544,-6.4268691849265,2
7.020562245688774,-5.1407176019997545,2
10.44788769158505,-3.2650308681621265,2
8.226064057013836,6.908109922111864,1
8.444165538174278,-8.338004466924279,2
7.5116817509751765,9.278251613877748,1
0.17683385026758103,3.5149497638231413,1
-5.757260922751223,-0.7837078478345063,0
7.839162338876643,-6.388930461631489,2
7.040011985625846,5.146853915413987,1
1.0768276208496097,-0.49164379850721973,0
-0.5558030861750733,-1.50806468379495,0
-4.3660806296792725,5.108958052952811,0
8.798505657786015,-6.033764412884265,2
7.6053579313355035,-8.981857505189351,2
8.789847419307481,-6.959775489103288,2
-0.27568819197156724,-2.4024516244138954,0
1.9720697753378116,4.992406173505212,1
7.869156118012625,-9.014825679307748,2
3.386164122940328,1.791865157628488,1
5.885373477922327,2.548405746043809,1
8.707133195984971,-7.015141355715452,2
8.560973273465766,-6.044969562941162,2
8.472815423688132,-9.429501973337043,2
-1.980156991499677,1.349256536977554,0
6.4467748967074225,-8.128248793077463,2
-3.3558367629119163,2.45271872779285,0
-5.374096315528444,-1.96582875177545,0
7.232625394503027,6.058260248691921,1
7.264312467667428,3.4818545137410775,1
-2.4010958676181597,-0.18595285379573645,0
-1.6094006106645136,-2.351576108297639,0
6.995305639471314,8.028810494755291,1
6.60993939266945,-7.7940906814787265,2
-5.962952970228713,0.41811490295181225,0
6.825648953951364,7.0679054730220505,1
6.570253778242601,0.07993849450273771,1
8.45046892562229,-5.116952467627312,2
-6.818925720822009,1.190761334211147,0
4.559636507437009,8.287150506332134,1
-3.41651102532096,2.168508935859053,0
-8.213761337968368,0.5741047496019458,0
7.328174974179973,9.460876818130203,1
-4.336198378110189,1.7029352785703487,0
7.0535820369587565,-3.209143824662557,2
-3.2534508713450547,-1.4687276008434607,0
10.648703840772916,-10.013154832348137,2
5.329043074915923,-7.013317529831665,2
-5.904686620418231,4.220882542763862,0
3.9672975126952204,4.243586930952567,1
-4.159847755410658,-2.621824090817971,0
7.622879661532947,-5.542038054937629,2
0.09795743856053152,0.05337126223416072,0
0.26139676456378336,0.4758091554028006,0
7.652895112482882,-5.328072004787427,2
-0.9230957598726279,-0.6545621964904897,0
5.270112648924944,-7.1256005469263926,2
5.042219208097135,5.626464477890685,1
-5.368489836284352,5.985426473859414,0
2.2348078887298044,-6.494844253554011,2
3.8356783257158664,-9.47186550727011,2
-6.888629776338531,-4.252081939371738,0
-2.5849007449520105,6.087787116547784,0
9.169010474246868,-3.5424943115687273,2
0.7043968525269495,3.836529118531552,1
8.66679738535156,-2.4156125711479968,2
7.85382756787058,-6.298499126065661,2
-3.0021633306512445,-3.215650825591229,0
-2.9510858635476067,-1.319048382765501,0
4.395957003060041,5.265191631996466,1
5.267371529668145,6.6013956371578,1
5.056914303669299,-5.988988619989032,2
3.7717133596702954,3.4356478743388976,1
6.760127516320191,5.581471808884269,1
7.28592242107466,5.664628456014597,1
-2.323884721747465,1.5181672677438383,0
-3.7720843424603925,2.9132662730096595,0
8.662653849837941,7.422817207243604,1
-6.737808248025421,-0.8819545648759839,0
-4.193795266847168,5.175836367014087,0
-0.21123687655148027,1.9703159470482912,0
2.301201927450495,6.433652249999842,1
7.094976566460317,2.158985467878285,1
-6.036252119711685,0.8113505526897397,0
-0.6817602448793041,-4.2349054621938995,0
6.696725681319941,-6.577767154658919,2
7.863058154289882,-9.978021827027707,2
5.561965920922173,6.428312045676513,1
6.64458881023044,4.146156158663992,1
4.801954564831119,2.8640687532742555,1
7.3170766092711625,-6.892627157135399,2
9.306740007202546,2.361539565444434,1
-4.692953939780346,1.9184392482107817,0
-2.142119324301493,-1.3168812052738732,0
-3.8216490927515667,-3.8867187219245327,0
8.169728951029743,-3.218595316275202,2
7.282551002940133,-8.764954912442008,2
7.046680172521569,1.02109687517508,1
9.633453059352956,-5.959206633759749,2
10.437148548304513,-4.718190462732958,2
5.2483661280867615,11.573924697852675,1
-4.0782741586903475,-4.546854311331854,0
-4.660349824809966,1.5723359533895203,0
-0.7552389603857366,-6.531294519724233,0
3.145805283821924,6.906848146511593,1
0.472267443504788,5.5008371938321865,0
-4.815840497995307,6.634809382651785,0
6.754808407471887,-6.228379386352164,2
3.025622127317502,1.3134558593230876,1
4.707452215391024,-7.135869155709747,2
4.754782065619869,3.8475410015190423,1
4.139892177352727,9.171394605218598,1
4.352078941904804,-0.8048581012622105,1
2.3074170807796404,8.748452737961058,1
-5.089807041960841,-6.4672336621009165,0
-4.344760498131936,-2.7746793192893295,0
6.5132933893000615,9.162583594538274,1
-8.843237587030117,4.233440045538381,0
4.3203207192426305,-9.041053941889158,2
4.654630444043151,5.924002739653626,1
-3.92797928324003,3.9751909929769558,0
6.503595530881996,5.08166366019973,1
7.294889769181473,4.845595732341541,1
7.900057615905016,5.329551955107816,1
8.618482015452626,-5.741271022513968,2
0.08909572665012266,-2.359651829991676,0
-3.6063723099724343,0.6845264039285077,0
1.6335077235502684,2.8292905209270542,0
12.498660421989674,-12.176278916502547,2
0.7329996241137335,-0.16407921386892454,0
6.168043560556047,-8.618837931252038,2
6.39900444804394,6.312137872329286,1
8.360445710118194,-6.57777770450664,2
-0.09882149771577486,-1.4218953056079888,0
5.241955527165481,3.7528011913265678,1
9.4094601350479,-9.482167665375236,2
2.5512320988919934,10.411477871179155,1
-3.3568100506654215,-5.697937634845148,0
-0.19279596951844402,3.952855710968071,0
9.976155889545982,-7.573209819293064,2
3.2110918149380967,8.575388212799453,1
5.757283546544302,-5.490445573149528,2
8.156942964175046,-4.126979331870234,2
7.532556549963497,-8.168272219346143,2
10.527762811834952,-9.289027024779843,2
4.699973673290079,-4.522786383365432,1
5.829515448368967,6.1833595706844955,1
3.903383791335596,7.133838130943016,1
6.379473205497362,7.574488800439994,1
-0.25218130171287,4.065625508805233,0
-6.650202841517817,0.344144805278608,0
2.0497605961571965,4.783475487091806,1
6.807045646245451,3.3336735453186943,1
1.6750310943408726,-6.818394832015967,2
1.5352668939219765,5.516805922651863,1
4.642416747829146,6.9166324035045585,1
5.771196357513263,-11.219091060879599,2
8.907237201219468,-2.976661173537174,2
6.528000118820886,-3.603483303566857,2
3.864622444266443,10.300904387171412,1
8.947942822578844,8.096547063691133,1
-2.2513973516177694,0.5432181415724865,0
-2.166570508926334,2.768028357330142,0
3.469693841214539,-4.952992977832931,1
6.6504436632703285,-5.366439758569795,2
4.6353276730743875,-3.8064938756275044,2
5.616819987679889,-9.025722072456162,2
-4.8146600765902745,-0.16073721359985504,0
2.553523197677042,9.42365170335379,1
0.2616583276696378,-0.06126983525143065,0
7.739263655788841,2.0088469351759852,1
-0.035090594180627654,5.54896870083904,1
-6.246855569276622,-2.295311115519666,0
3.6238858376182033,-6.387470582566957,2
-4.485979796020163,1.9401016603951722,0
9.399118977211145,-5.006329081107921,2
-2.6224991003005385,-2.178287867537844,0
-5.950855705038419,0.6468843943449338,0
5.761873690864791,5.870540739862888,1
11.87477793139538,-4.744128647829432,2
-3.9168802186650247,-4.187083898864536,0
7.148202229881777,-3.4949801251363994,2
-4.157950500375176,1.158107837129674,0
-3.4249807270352863,2.428913229744106,0
6.065698105548652,5.144261577076129,1
6.8194452056984005,7.134074201150132,1
9.969984843471806,-4.901907217437973,2
-1.683746661357299,0.9398952197641471,0
8.534714797112683,1.0867532192713956,1
-1.0287139923904811,-1.2277964136375368,0
10.876786297055176,3.9071324121226785,1
7.826366446408519,5.956211578289311,1
5.535558541177864,-6.740419564455492,2
-0.7399153953704856,-5.254506394437085,0
5.95739045417606,5.624606982001858,1
2.117069206767333,1.9526070585385993,0
8.430048662008485,4.329429696405686,1
-3.5824370773670564,-2.1646382271465177,0
-7.16797389301299,-1.3635901871465415,0
6.713980662672679,4.34956839416844,1
-2.2890096830418645,5.864273078736105,0
11.596739757644837,-7.192953876506505,2
7.835198330544662,6.178721058311717,1
8.183322828145434,-8.520922386914787,2
6.787391708319543,-3.044680843854711,2
-1.2172240711644169,-2.0154984801456055,0
5.713434595381669,6.955331092528754,1
4.2665142721307925,2.562811672052246,1
4.698002505294934,-9.266883313200672,2
-7.119867240780061,0.949357640300268,0
-2.792207973311643,1.4691261370684878,0
3.843961079997479,-5.619355868224991,2
2.851514500695071,6.945029337373837,1
1.7683376952292322,-2.5239385665794645,0
-6.234770091554069,0.3024986393635799,0
-6.117939979201072,-0.9815844049625793,0
-4.124714891006871,3.078829376025004,0
10.019949173451304,-3.515014417442449,2
6.521013429064107,7.897437647192197,1
-2.895236671210482,2.1761550688357123,0
3.8321713791437464,-5.465608856499657,2
2.1398665880399985,0.5566576616080825,1
8.615971405267475,-5.536912826588616,2
5.9899203033641495,4.321929854810111,1
3.2974985196503956,-6.65560313514761,2
3.5268069843623824,0.3528800228721849,1
8.651719941052493,-2.9857408674141332,2
-1.0063420272334977,-2.7893157904268975,0
7.94406725241774,-4.368174837384365,2
-2.8206333506743384,1.7341833794525428,0
4.984827181540061,-2.9680004163529645,2
4.824854689919708,-6.341638101245632,2
4.171906081198545,-11.543306658147081,2
9.81484990970355,-12.88593047857773,2
-4.312530500074098,3.816067220932654,0
7.2982645401968735,-8.79225920786748,2
-9.70410390419665,-1.8208082065852897,0
-1.9427653960471905,-0.7146261694954872,0
7.599852156641158,-0.16680764139989002,1
3.7826494867819775,2.5228899567052863,1
7.949180232122382,6.2482433342818195,1
2.8415826318311916,4.487586095735715,1
-2.6077362008479525,1.260723858697054,0
4.953119261381101,6.686029356127356,1
9.513875353937678,8.752395622301208,1
-4.905957354558864,1.0712876875528707,0
7.24862374708765,5.746169521790065,1
-4.358594440611498,0.8837814117909832,0
6.329009273640406,5.890196688225214,1
7.201738982802045,-6.1795640169249655,2
-2.387895619441616,3.2431567468467883,0
10.194296290202365,3.556053778408602,1
3.585014953399443,12.8940520434654,1
3.96925825493262,0.7695778009152576,1
-4.9982885020588235,1.306544461386932,0
-1.589870365574459,-1.7427230796300992,0
-7.036864236789727,0.8507447765539861,0
4.4088315942812315,-5.040965714530834,2
6.706381102452838,-7.270898939870973,2
6.554201894917798,5.350444613492462,1
-0.6524937900586547,-0.17480879049366627,0
7.601652523358625,1.1847699389085617,1
-6.534932046406157,-0.08261830366173623,0
2.6730318620108786,4.7314188577223835,1
4.323065353060604,4.83801617639048,1
5.56253275601947,0.34053278485562544,1
-5.103683743206661,0.9964787071941642,0
-4.422325579487683,0.5012151955515478,0
-8.782372982202396,0.11326482945663868,0
-4.148303013303618,-2.9781739806728744,0
-6.986034755124571,-1.4708636040246745,0
-5.328008912463413,1.1997205042696724,0
8.653125501889741,-3.1491974990337948,2
4.740557792903429,7.753973173018423,1
-6.816735005099749,3.303462319221207,0
7.698203377428513,3.274146217400104,1
0.20986450919448263,3.9091553484311747,0
-4.399462282464309,0.866657405033997,0
-3.651470351991101,-4.895464295136653,0
-2.043990768757716,-2.398590229990017,0
7.933130455115762,-0.5298097831019684,1
7.719283007691612,-2.9991231255133224,2
4.499470555678524,5.1353143924258,1
-6.323537736977022,1.402031004911744,0
2.949193867720705,3.2286552078453608,1
3.6103416850015244,8.44871759398168,1
-3.3524191977653164,6.405008054168616,0
-4.395326719041732,1.794836030770045,0
4.4435372858233135,4.511146909830447,1
-4.824266576418938,2.606217387749032,0
8.519267338484987,3.601941604976864,1
4.743526661389177,6.542233453574951,1
-3.3001983973918367,1.905131921785604,0
5.464406818185595,-7.636432206903361,2
-3.784741058893859,-0.2676102032784613,0
-3.26404474530641,0.16501915873567902,0
-1.1928121837895684,-3.722374410077016,0
7.188095208995786,-7.461407675532853,2
4.524482643249444,3.7940147981974057,1
6.781659618801303,8.74604909607401,1
0.7233794560461559,1.4844893725531678,0
6.158963177587376,-11.188500670701174,2
2.411635863755037,4.769751459809536,1
-3.8018756302631056,1.3837698967922798,0
-5.540900156833377,-3.468236472326208,0
10.17329475963099,-4.2039507455753,2
-6.135649985254483,-1.5627242214781527,0
-0.5366171659891359,-1.271696258920867,0
-4.405149227535975,0.543748882990351,0
4.649426903367233,6.44286784311039,1
-0.49982420052777154,-0.29029804170073403,0
7.214774788837001,-6.71388147836347,2
10.18416053134885,-9.27731492611115,2
3.9481310778149337,5.081036915525246,1
3.1016151853576956,6.8349851182867,1
9.703045150539591,7.014147935298138,1
7.713349595013094,-8.595180120054454,2
1.8705814777285559,2.9689316038966727,1
8.496524310603073,-8.009823801510429,2
7.874314054424163,9.665791030275301,1
3.8270493676883137,-10.532176792438262,2
4.214926791922088,6.6960517107197965,1
6.922024465215827,-3.7745532900916308,2
-3.8916626135082053,2.390119929160668,0
-5.198556525058641,1.23213261115382,0
-5.495685572128377,6.670361849896795,0
7.067743508909387,-9.833070749317006,2
6.340152623251664,3.033608807761351,1
-2.324876714300368,-1.4945138932694304,0
2.7999525009602158,4.463736549288481,1
3.9656392464710333,2.819859135359613,1
6.493629142639016,4.870436084858999,1
3.8905695028529,6.257680057569422,1
5.156669474644481,5.353513721919335,1
-6.25213189957341,-1.8812333475763285,0
-4.115237826419204,-0.428278362124774,0
8.467754095537986,-8.884181947245668,2
13.846323027595844,-2.3948396627481516,2
5.034132871175686,-4.6688704316664875,2
5.544400645760324,0.7375889906034141,1
5.358475050046719,10.675345756889062,1
5.474846572300421,4.5280018301678355,1
-8.333964532722966,-4.04078921347119,0
8.85609976193791,-7.892424392496264,2
5.105545848222713,5.100967871662273,1
6.14149115323033,5.105864863865697,1
5.072851555500007,6.973559264400158,1
2.4309169485948985,5.093446582227916,1
10.33528110131485,-4.926829127844419,2
7.26273572546249,-0.8098518093451732,2
-4.925845425644116,-5.2720395125658595,0
6.82277705538295,6.608955339563546,1
-8.729388035786764,4.285204777657413,0
-3.6623556771532937,1.099287722651537,0
-5.298708386177014,-1.6066247320294214,0
6.988814604784628,-4.6850298508317465,2
-7.149385903679132,-1.5120141707802373,0
1.8293872876931565,4.05646096723165,1
6.295391407464329,-8.468484480051707,2
6.587760985891748,-3.719116858129647,2
3.618051042996348,-0.437100888743541,1
5.452128588413009,7.441175268038066,1
5.355531946319903,-2.182114416179263,2
3.5577356838238146,5.8642651940381825,1
11.44165206474343,-5.761836782842115,2
0.8212811559567106,-12.019245104708508,2
3.90848510925529,6.160058141216524,1
5.295218760769641,8.979020977083806,1
5.2354764040256665,1.9616755223303595,1
7.7551618047538815,7.368345410774685,1
-7.004831305808675,-2.542964687009182,0
-1.5635853321916704,2.831983410413765,0
7.950023645545593,5.369759511680467,1
3.646147135404817,5.266781532497945,1
4.677684745480888,6.1393972484521475,1
-5.361842601351301,-3.069285474007396,0
2.788758400636193,-3.119941395689848,2
-1.819344428795307,-1.173407632869388,0
-1.6874811897390334,-0.13514018082058066,0
12.180147595448148,6.32323221387701,1
9.230650609575724,-8.22729901399612,2
0.4291367795649217,-1.2301003676919493,0
-6.528384125927517,-3.517785022276215,0
-5.086821935637413,-1.1543318321763234,0
8.060157389762587,6.473784694270947,1
-0.3061654614694689,3.147923459730303,1
10.13942032252417,-8.954934702192578,2
-0.7376465296326242,1.7096161205130702,0
7.0918651478933015,4.942946047241669,1
10.104535188078618,6.060862046724273,1
7.672088596379648,-8.868509489337695,2
2.1402139731013206,5.496282599357805,1
5.4201616252401355,3.922515943228543,1
-5.3761518494770675,-0.7368490703666772,0
3.13448942625419,6.131054691726921,1
5.9032320969049445,-8.57360392682455,2
-0.5065160865150915,-1.2830978251070655,0
-1.766232866802532,6.826192593696947,0
-5.60001710484891,-1.137198027526215,0
10.148575401256615,-0.32349440881813685,2
3.079738116331428,-0.8021042613255132,2
5.437169188157419,4.457788010498522,1
7.100019120629049,-8.575582647238356,2
4.071937474689783,9.920007275171148,1
7.406891760658941,-5.083414069319928,2
10.946174216180715,-8.496489826871558,2
8.160549334550602,6.522003171925903,1
-5.478941869459707,5.026608313085531,0
4.627965027808589,-5.758331258154229,2
1.7616284957945592,-4.660447174367925,2
7.207506317732048,4.985713481276709,1
0.9509628797366103,7.416150156553078,1
3.793677179502828,-8.58564106858398,2
-2.8655971192771643,-1.7888113101043146,0
8.181886285041513,-10.12700849982705,2
4.546702533140337,-8.022498383656837,2
-2.9092983256330585,-2.9060019157291137,0
7.466931498765582,4.198079482776887,1
4.574396888546078,5.024655332490559,1
2.1026081017681753,10.888304422919319,1
1.9515874725036801,2.8499600755867296,1
4.74919005881194,-5.111777846269914,2
-1.6210103240668792,-2.085484844904891,0
-3.141585136613564,0.3206388029818253,0
-2.703554407585391,2.7297212996942455,0
-0.29101515750109996,-3.464424019112279,0
9.705836432649335,3.130496591818023,1
1.5392265353334968,2.118512713999044,1
-4.163401080243602,0.4239679558610467,0
-2.9033598354336303,0.6452677637868484,0
5.896813314217693,5.054573186661309,1
3.3519046576682348,7.058606334485912,1
4.668816873933962,-6.03811454516351,2
-5.623735999695428,2.233776129984742,0
9.233076403688779,-6.690906592280329,2
8.174868348840448,7.9798180459618315,1
6.109159181224188,-9.460079477488257,2
12.009990223098029,-6.563877666960258,2
-6.579444494211086,-1.693067062604647,0
7.687797001418541,-8.005002084331547,2
10.126245856139963,-5.551977144970323,2
-2.1485842682154352,-2.921942236974102,0
7.06957323134586,-5.304770297412628,2
4.376198432188417,7.938739442428812,1
4.237728941189724,-9.33213367233704,2
-2.774596973466559,-2.1721844775052714,0
-4.265050784004335,2.8662057410375743,0
3.6505654128096325,-4.362190894231627,2
-1.1845729473233573,-0.28804230996825186,0
-0.05116548043424718,7.034988025694954,0
-5.252033537679589,1.3272609911631754,0
3.5483909528162054,-6.385041313815118,2
-4.843665470227727,-0.27095378792519964,0
-5.391508339509214,-2.627194611617255,0
6.019151637074254,7.125744649252544,1
-3.991468836069271,2.724587328399297,0
8.042957715984578,4.724704158702225,1
7.026381057617302,-4.841536703776019,2
9.67242903530558,-5.941619444568062,2
2.949298382637784,3.945507590172955,1
4.982917322969244,6.850760908839682,1
5.3869198904925994,-10.009907560754955,2
-1.6091526635440645,-0.057724143109146364,0
-7.21834360013145,0.5744077734847945,0
-0.8669674083817012,0.24745295182367302,0
4.533125550647992,2.2908451920431405,1
6.2502871699502744,1.7692617335184755,1
4.788224749576726,5.070989783945526,1
-2.1086157026927816,4.61340480605302,0
7.423035219486504,-2.4611712286704734,2
4.848154280129113,8.573005525513103,1
0.29404726327506925,0.34458668644773827,1
5.067620635531118,-3.467938959968166,2
9.816548402394478,-10.715828158352192,2
4.59518428233614,-6.36110246029912,2
4.563504513008801,-6.696647268263749,2
3.9965386611499696,5.952052576934039,1
0.5753639722798658,2.957480579755232,1
-4.928690856448695,-2.0842691161777003,0
3.776084539060545,7.109807084994619,1
8.421762654488191,-5.826899761933193,2
3.374754257767406,4.181114634831781,1
6.458783062534559,-4.114163180538329,2
10.053649489317166,-4.3018539212982505,2
3.1507541697592343,12.106921182430973,1
3.595046040759894,4.352425545080127,1
-4.024567736144353,0.4301067444651626,0
7.16113269843731,-5.75360052686773,2
9.780841571607965,-2.1931072735164676,2
1.7394648595298086,3.666962410207781,1
8.229336400412878,-4.463978464674155,2
0.27095368659981833,-0.059072352291526076,0
7.197030289203028,2.158261189708581,1
6.312202485871464,5.860928302094853,1
-7.7869263389116465,-1.1923208531479645,0
9.27809005022357,-8.575207013737014,2
-4.346700980285569,3.2902208342516506,0
4.621885773326978,7.475923111678325,1
-2.909010634189044,2.1012494193255575,0
10.245292726095556,-3.86098806268745,2
8.277346177720288,5.035175968638357,1
5.410755102757022,-1.0037204236156496,2
4.027701956031081,-6.413952701541659,2
-0.11893105457635356,-3.782352565056093,0
8.624984556827767,-7.762919719953583,2
8.501516369502403,-1.8723194706493782,2
10.105731652225568,-7.721932197759246,2
7.242992600482003,6.460841124748244,1
9.66386425654036,-3.525830076132677,2
-1.0694393300921563,4.084194051286492,1
8.615759367037558,-11.074734649030814,2
4.466641624698628,6.749889232659305,1
1.9230442400177026,10.822397881574958,1
-3.5838708109892314,-0.8482454157042012,0
1.9542199153518531,-4.329155175828781,0
9.241928179518284,4.328334817864654,1
5.652948071073385,6.090414440422669,1
1.5919038218208805,6.570780266459342,1
3.1881650558897117,2.5193598914901956,1
6.95466438455792,5.672774542796838,1
8.624151808240107,-7.093561864832842,2
5.932753133742466,-1.9530989027343484,2
-3.2105206366133316,-1.6011055971088741,0
-5.506581703309534,-0.6062601750838941,0
-7.609958131577471,-0.4736259339244524,0
-6.9616945291625,-2.009617777291849,0
-3.2043001860924973,-3.145077783755965,0
-0.8118617527991239,2.955179026345078,0
8.009378518274874,12.132100718878508,1
-4.461692234328303,2.662629498674039,0
5.329040008161117,-7.534388683425149,2
10.48068024387081,1.1748309708392632,1
-4.03837501921873,-2.6183942811574736,0
3.4860473957962865,-7.929276540976008,2
-3.1149707645665425,-1.7562961525671636,0
5.941141326026368,-7.3080652851254335,2
-5.370710865316395,0.07114820023377844,0
8.122135844647048,-5.944477628500186,2
-2.0397860063644444,-0.3826370457367374,0
-2.8967227369870567,-2.143262606436461,0
-8.968398279630184,4.787403347815947,0
-2.9211500380481743,-4.317626582334036,0
-4.860873148722513,-0.5219169100518255,0
8.395189617150038,-2.1358316856477746,2
7.160392070827844,12.89716002606961,1
11.456495042975998,-6.625594428948011,2
-4.445930517212136,-1.109130699479959,0
5.295889599976234,2.3427465896842183,1
-4.850830902637933,-1.5492287972162886,0
-3.6483911331001844,-0.2389294244071315,0
8.029390057800393,-6.587345752119828,2
12.365442496634966,-9.493113381708588,2
8.525848182752895,-8.249475138438518,2
12.843219450244764,-5.267956985850338,2
3.6952723092140167,2.732356627506053,1
8.049562151670901,-8.196149957225847,2
4.491762581721052,2.1092531613727563,1
5.1632280919759825,9.049423176361739,1
-4.885265188899091,2.2454475879346716,0
9.780060347371375,10.593647794306692,1
2.8879749866564204,-8.988674813858335,2
-0.8434989768236889,-1.5159722854106206,0
3.4609593026048544,5.31654600146398,1
-0.9538403475317301,1.596327830814719,0
7.181243512570259,-8.509120629469319,2
4.18561650477703,-7.056101420564815,2
0.9636510526071422,0.14935319119962612,0
5.372343508556369,-6.941934578963016,2
-1.275422952181542,1.87951219291224,0
3.5317616875405533,-7.196834883379614,2
8.551288277163435,-5.441940825621749,2
9.465123703064279,-8.317183050686584,2
5.771449982958532,-7.653667584857072,2
12.223311999895685,-11.768702144278919,2
-4.302665595025642,-0.5938863804142467,0
-5.060103790108892,5.388314330032775,0
-3.0572707693260703,2.494509555062535,0
8.183531939168073,6.279409720267778,1
6.106427693513976,-5.675833132843812,2
7.842396907977591,6.28373545787742,1
10.100162720395861,7.225952242276288,1
-3.830763480807188,2.8469035009190935,0
2.2009095007383683,9.569590500573405,1
-3.105715959624643,-0.0561009286011096,0
7.1226556227243645,6.760975108469618,1
1.8908519337027863,4.650927703838838,1
8.336973009162099,-9.755233176164499,2
3.0877537004401674,8.331368520797447,1
8.29535312942003,5.032950473590738,1
6.490106176695621,5.623665197219936,1
2.961104487725998,5.79125123847948,1
-2.201902976087622,3.342651473637413,0
-3.329889940409352,-0.2610368809641259,0
11.013601994334119,-5.804821654275898,2
-5.199044684239388,-4.529122474453291,0
5.853433746570966,3.3213767247354493,1
0.10657577191278023,5.430345398304687,1
4.2552872372111565,9.105850392352355,1
-4.7952315375887045,0.9912552170573484,0
13.154514222423481,-4.0243469066467235,2
-6.954794523335412,-3.7000112167097727,0
-4.617507456035199,-3.048338160635966,0
4.860472218273332,5.857167291061277,1
-3.7745772282101693,0.5351029113765199,0
2.6200351720397492,-7.518434176424304,2
5.681205602199426,-6.77894743444836,2
-8.725501442977258,-3.1092774842879347,0
4.9845553638584486,5.358662732952631,1
-4.574958829434717,2.363484133600222,0
10.238227865465566,-4.114644355246987,2
1.8177405936458486,4.297172018298722,0
-1.3456429740219864,-0.835741152466789,0
5.425196457802399,5.226177611507374,1
4.635154983570965,7.336037285678248,1
7.209763799986035,8.439764389854584,1
4.681644437557574,1.0776263591265076,1
-6.01938794993708,2.691747609549777,0
-3.5515347840668996,-5.506281256861815,0
-1.6426942268525218,1.5622351906828615,0
-4.5337535321926135,-1.5293649105052813,0
6.430509535386718,0.962249279424463,1
-0.3752690501871787,0.5159485042426047,0
-3.8312175263410833,3.3694503667041285,0
4.390858373139,4.160134829393584,1
6.794044800868651,-4.91652494229568,2
-5.591221680304479,1.0578991370180035,0
-6.582138688812851,2.9785387189860644,0
3.1973239947234604,4.132500314608221,1
7.893494732733795,-6.829353873445742,2
3.6305087007062977,-9.563715923077027,2
2.781822241980741,3.797499548016944,1
6.867100812195208,-5.628870403440905,2
5.613914081497729,-6.283238592497084,2
4.042668800296957,6.673335224201894,1
4.837382646646948,8.042179042711336,1
-1.2719133289905131,5.152831868516194,0
-4.673242036835709,2.4888852443648104,0
-6.558197825666913,7.075715868596695,0
4.70994650776602,-1.2863147911630568,1
5.784583233608339,-7.5819612365457525,2
5.342455158820934,-5.470580366901447,2
5.026552045695545,12.558497479068333,1
-5.684081103215644,0.4705029036951158,0
7.4639195126522075,-8.335291882415904,2
-6.2272104788588685,-2.915607032482734,0
7.212192619011394,-3.3397981066562084,2
11.790522130971446,-5.421548321418997,2
7.345352626912042,-7.326346426980176,2
-6.122106058695572,2.999745092865385,0
-2.1976830604220274,-0.3839820047760487,0
5.714374858997605,-8.590490879238995,2
12.358858582833737,-0.8157023178352931,2
-6.318510106100792,-2.290529725758492,0
-7.28493562238644,0.6984170969835316,0
-4.302321372533841,4.947700178181584,0
-5.662470765772449,2.70345249199359,0
8.199685711666248,-4.47671525251861,2
-8.039664622673001,6.233710139323094,0
-4.478669573339406,5.447386794332369,0
-4.852884126566659,-6.0386452432230895,0
12.400953907014948,-6.456513472813145,2
4.812049518274078,-7.400848116198352,2
-0.5885043086095649,1.6631087699315215,0
0.4092137067898163,0.1503481247856877,1
9.009461120872825,6.858716014260783,1
4.631214092302537,5.691604621389829,1
8.615288021044819,-6.727467575212002,2
-2.9702832547849654,4.822267394525728,0
7.195450804944441,11.98758800051598,1
11.925471328297498,-7.802179071303731,2
4.650126877319662,5.142577693022335,1
-9.364201872797882,9.12821187837388,0
-4.45638734862394,-0.4190468854651953,0
-4.216549467154069,-1.7304739844731394,0
-5.746449901651509,4.4688324726055875,0
10.31889822392159,-7.5064288594428845,2
-3.4533212321013944,-0.48561318096697836,0
-7.0643874087683765,1.0282996883323818,0
-8.251283020967522,2.2982651089126724,0
2.9798814447303434,9.920923766929757,1
-0.4844276522174864,0.20031832352670625,0
6.926308669628793,4.7255037551537455,1
-4.020594349494163,-0.819230754527638,0
-3.514104056478068,-1.8501606929531067,0
-3.4409484574762623,0.8626428453640239,0
6.17181945724033,-6.956331710730299,2
-1.2672841105692543,2.3878497816512896,0
5.756470048034657,-9.690094722109324,2
7.063177033432748,5.08107660080704,1
7.235468550350409,-9.976534485828019,2
-0.2361300285132102,0.5918788269119455,0
11.376273177576302,-8.752984657157622,2
-2.8516739983524633,4.302695844460803,0
-2.550810193159777,0.29285908099010166,0
-0.6366667577257314,-0.7633682727035844,0
-1.2018523284427212,2.5724788967238856,0
-1.8085575769320092,-0.31577266927560843,0
-2.6134264083011103,-0.9011935242115325,0
4.59379894955318,-1.2904173973713906,2
-4.9413696938548695,4.7316183796913664,0
7.985802364554393,5.959625997172601,1
-0.6400718224069895,2.0140480082096825,0
3.380149549931441,3.7749436406363106,1
10.966791807129585,-10.9793844686174,2
5.289810312880699,-7.434755049678466,2
2.4034786095834217,-6.696200120636723,2
11.566579975377302,-3.8562259862551076,2
-3.6054358109554228,-1.361568677081518,0
-0.542868770395684,0.7414209711688879,0
-4.318610398697431,-1.3751686902745786,0
4.989861642486165,3.6270138197137505,1
6.692671712293981,-3.296145442328503,2
-9.788898287323049,1.1937633498704034,0
-0.5735966264391013,0.4518537722126259,0
-11.381339059667486,0.06542979775753388,0
-8.694318538620724,-1.9584923627857465,0
7.389485406703783,4.7271407955321045,1
3.878163572363652,-6.152259462267812,2
6.077935486597795,-2.430602803241974,2
9.409637218569406,-4.225893855839634,2
-1.0652027845347063,-1.5974595436486843,0
8.328335723416291,10.193384062004753,1
3.273101657511954,4.703193269098421,1
-1.8344781638514438,-5.6613842683240785,0
7.128786736275092,6.275320462868743,1
-1.8812254280336391,1.937949156192781,0
-5.4320284131088865,4.467715445492453,0
-7.29221335146871,-1.6707177802635824,0
5.879253802502374,-3.461430608103441,2
-1.0854672823014568,-1.2277717128549142,0
-2.293352194474762,1.637324402357562,0
-3.2234089009732014,3.651960724650926,0
7.747938882883658,3.9175010791736344,1
4.541027764469959,9.060036000358316,1
0.1307492849559706,6.494425772693523,0
-3.771082801497494,-4.461664683461566,0
10.09887675946113,-3.3018316217556754,2
8.825772406294675,-9.558586814570509,2
7.669849022428189,-7.053645282083065,2
7.105640238551078,-0.5623363922597733,2
2.5839918766467322,6.692010938991113,1
-2.299540773635579,-0.15375974863404906,0
-0.5621920779518512,2.639175625748158,0
-2.2117042081208442,-3.5642430881328906,0
5.570415993091311,7.999007490391312,1
-5.582077614689815,0.8175793961043094,0
9.904259659593071,-11.828914978178462,2
11.351299261992352,-6.3602308199749364,2
-4.839717757833389,0.7985346056301508,0
5.253133012493667,0.7015327299631213,1
-3.5485150434573467,-0.5552325413375778,0
11.70405959139562,-9.139132728444007,2
6.933007677066218,2.803529847304444,1
-4.885501009273276,1.1609684843116697,0
-6.442779787040072,-0.3346956043505578,0
-1.336617215116188,-0.41364613890128443,0
12.745939660219253,3.808718740083652,1
7.12721162411829,5.596909056412323,1
-0.3054627301828279,-0.6721775338220597,0
11.08459707188004,-10.155664073883624,2
5.074232263614064,-2.810681698735968,2
10.118911902202353,-9.014769342245584,2
1.4466699079462377,6.224295732954313,1
6.8191894620056495,-4.865737940133814,2
-3.132266433855195,0.7065334345300458,0
7.381008631709922,-8.387894429712404,2
9.182351406721994,-7.206112748408699,2
-5.376464323752755,-1.2304518122986166,0
12.999639463390064,-6.430105629315016,2
-1.3011809158399696,1.5466225804354654,0
7.3115074032939065,-5.119303296939042,2
11.969295066145417,-6.0163985548798244,2
5.693906124180581,7.058276829071801,1
7.851272657172377,1.4774884724697852,1
-5.515461260547646,4.119689634557684,0
4.597647564087872,-6.354090462955427,2
8.216689794286863,2.649762323881302,1
5.458459616185344,7.059917670227646,1
2.4087730043730664,1.3907616675806391,1
8.565718059080215,5.489424355522981,1
-7.294444965479603,-3.198911795512002,0
9.30402536756803,-0.7036268059574766,2
6.456822005041968,-4.30078316459178,2
9.392263559780709,-3.4007541852531102,2
3.1975588018471317,-3.6487014362782086,2
-1.6441368135664893,-0.15510014275456707,0
-4.6692949462652305,1.3771827014498341,0
7.430344938387419,-4.555496322424421,2
5.275259734079046,1.8713926496316446,1
3.3395429687554796,1.195759421144591,1
-4.879896632940059,1.2741844183240996,0
9.254697078130242,-3.149263197823941,2
0.30676433783290324,0.9292662736676557,0
8.388777662464856,2.4797994720973264,1
-2.5474909869575986,5.816918069900057,0
-3.2213849648391983,0.28482141857611143,0
6.9322078581554,-6.6074858467283475,2
6.529873643005452,-5.858650665417899,2
-3.704886200682738,-3.160882893128387,0
11.598640600605775,-3.051299545856213,2
8.376003987475572,-5.456541385489312,2
7.3577428667817095,4.694173448060287,1
-1.7439101962501726,0.1316439639391901,0
7.193310113384684,-1.9164124240017717,2
-6.898940571159496,1.14505620038945,0
-1.4836157219722965,-1.8893243453625108,0
1.8270321514918417,5.0851285222500255,1
6.122626695390153,-8.243530898579884,2
6.8901108370858815,11.061298719269967,1
11.159901583725363,-4.942104295989334,2
6.023869902781357,-5.514306351144897,2
7.514513964341889,3.1603354239680925,1
-7.176655222399433,1.3619580026204936,0
-5.040028088499706,-3.7206034701810324,0
-5.674412068847406,-1.2763533057835066,0
0.15051216719198868,4.35728288428411,0
0.5502635970374019,1.5447974106573739,1
5.73562310700034,-9.20769800683382,2
5.536415255650251,4.7068986865166655,1
7.086506018276305,-5.015883077869791,2
6.592325766747012,-9.873147012744383,2
6.772290206594097,-5.182974488871878,2
-4.116784142738091,1.2970319836257418,0
6.49573294337077,-8.82057023469676,2
2.156171906140136,-7.099474922704282,2
4.390745448506701,5.658798137065359,1
-3.2414550020844435,-2.040414803169713,0
8.071188975572898,7.795777579576156,1
5.43210271686037,7.67511671294652,1
-2.9604972807008805,2.4474445019005837,0
-7.65880229692147,-2.2641798930169377,0
-2.6120807526428043,1.609160549025459,0
-3.6427321878924515,-3.0028039763315757,0
5.15919751720449,3.586279325850414,1
6.174351156978267,6.337606980878885,1
4.264279878598711,6.808973968111573,1
6.773028459389915,-5.268653583340464,2
11.238931262436886,-3.4593963937627463,2
-3.6754593102990207,3.151894109341534,0
-1.9377317052022431,0.7891664785184604,0
4.2196990306686235,7.117170424799485,1
-4.184615629977583,-1.8850823624607114,0
4.48146536587781,7.000781446990884,1
9.68184103375836,-4.101549218869042,2
7.327807309420294,-8.17139442953054,2
4.601151692752466,8.120933768343228,1
3.9393158615892525,6.293874691231489,1
9.831720753025806,-7.458634437208216,2
9.13209603697522,-10.827193480229486,2
8.499899926302863,-6.230682226854736,2
5.83945269179417,8.994396448111146,1
-5.197172266269613,-1.7808812229613813,0
6.625365559855092,-10.306290666695418,2
7.882150896806634,-3.974022376382729,2
-0.11870362298680082,5.1938759293843635,1
5.668784641271633,-6.380829850753091,2
-4.073153564936809,0.4129789294056061,0
5.421659104341647,8.613384634413226,1
4.122072268334227,-9.016166210660819,2
5.761407181582329,10.722915696938314,1
10.327262570186118,5.948581986161989,1
5.495508368136901,3.59601757874777,1
1.485321759995752,3.865370229537309,1
8.469251280473008,-4.597460294651461,2
8.201518387877243,-2.204394010008615,2
7.470191032792331,-6.520840910295353,2
8.545071427908486,3.3736144255579426,1
2.2051371718539228,10.010913083143897,1
-2.9404607617400873,-2.1449460411137222,0
-6.193124494267209,1.4208527227314556,0
11.062238363668772,-5.909870487252761,2
8.437190094742771,-6.332447924127978,2
-4.3786348647943045,1.3023439339338645,0
6.313591122610106,-6.07201120442761,2
9.391740401219163,-5.226392573337487,2
-4.304733953267076,4.192114738722352,0
5.599850337049347,-4.769022239782916,2
-4.551849262451176,-2.6154077632122408,0
8.634408808145947,-10.450212996938406,2
-4.481540621170379,-3.0097194394552997,0
3.3094059554140394,5.698530072503159,1
8.361387250280387,-8.089688220936704,2
8.6752924539222,-8.354304961356663,2
4.172458926318528,6.7543709586676925,1
4.637629368610053,-3.430360479946669,2
3.6653847977234437,-14.958449662514614,2
8.736347265216953,5.9494760028672315,1
9.394546057201033,4.435923320747671,1
-5.355545091671574,1.8182218961594376,0
6.224822830470607,3.8514505313406757,1
7.836225389309755,-7.511911566421629,2
10.290650680957993,4.639319135324478,1
4.501937602815269,5.739499657816003,1
5.3737162619574335,6.35131944861126,1
-3.832034654062757,-0.8529108557839105,0
-6.488473742941597,1.182860531560959,0
4.466575355836701,-3.881920167430357,2
9.390257117599571,-4.4672698023657205,2
9.766439676383339,-5.053285846800376,2
5.102227657589119,-6.754749399149619,2
5.07425935200639,-8.03817572816606,2
6.715777153407131,-10.950949581711658,2
5.222208370872928,10.450669716620649,1
3.611677607912026,-6.855895301511375,2
13.083344183219445,-5.144943114355048,2
-3.094629755759475,2.379082183129449,0
6.753705943624921,4.1795235553901735,1
4.581669430046331,1.579369943038551,1
4.085802826461748,-5.631924476222817,2
8.531881075572144,-4.192720528691652,2
-3.3640963258956096,-4.862403636668205,0
3.0631318920893142,3.0644050837633325,1
-3.630297046239234,-2.8810609070742363,0
5.797764766409335,3.7600345057980045,1
3.894451271810157,2.180936502461482,1
4.123037136861923,6.854809761387481,1
3.289899867162772,12.351375831820976,1
5.073784538836779,6.470825359319099,1
7.344523676548299,5.462773137384537,1
7.5674586845194,-5.990547109096955,2
11.19799627504992,-7.664519947122,2
-0.8691111547799943,-0.19933022271726142,0
-0.652451331821851,7.352115462943306,1
7.030613247097493,4.628197582177705,1
7.913982622287648,-6.296295914318579,2
7.21664855126848,-4.075630710823722,2
6.647570070435394,-3.6519593624719384,2
4.97161637895636,5.351901966819763,1
6.444134522397036,-9.22654932806748,2
-3.141971323698062,1.5837461618795827,0
10.95838916815546,-5.840013054768633,2
8.611895715066646,-6.622889282318689,2
3.600743241913153,6.750755628486569,1
10.987893378443868,-8.984941404255864,2
-1.8830991924518845,3.368143394413183,0
4.129956860781115,5.021644160138613,1
-6.001268137539427,0.8881616437669955,0
3.416687783908249,6.35649861914035,1
-5.9064303813076755,2.0066480825302935,0
7.194347724909478,0.143903483790643,1
5.831153233473898,5.41343756945945,1
7.318252149726021,0.726109494101209,2
-3.590437010599837,-1.2431103485011281,0
3.9845824835177392,4.691683044939993,1
-0.5369786552735216,1.808259815672568,0
5.584556002459105,-6.593059694255322,2
1.361057389929857,-7.786586020193834,2
11.086139430589803,-4.356955802592292,2
-1.025225342254184,0.07805815446837033,0
-9.321313588931757,1.6479849618202433,0
5.9940640852346085,5.897538740493037,1
6.484559942441383,11.981522328873904,1
-1.7273472441462805,-3.6682322512277636,0
8.868715028648918,-3.2089028706021807,2
8.507719186081902,-4.806701267867153,2
-0.17152377203234126,3.6497795161875817,0
-1.8962470679770382,-1.2567197232877485,0
6.585065272397474,-3.743983286640379,2
7.102711869387581,7.570722557102268,1
5.011108416952757,-4.295451007302954,2
6.473914322723213,9.214738534389209,1
-4.4496879269431275,0.8130973211468729,0
11.644900189782753,-6.260517659847644,2
6.469445134586646,-6.876311632291439,2
5.689990030975685,6.974369750622487,1
6.6653076900412875,-6.877050290030047,2
-7.3176189087014905,5.364961046303803,0
4.800242281697022,-5.284062374331292,2
10.871645234718445,6.067001688624975,1
0.4743559988332988,-9.285527536189385,2
-2.5917977205641978,0.5184766104198811,0
8.563315218120348,-4.90177915236545,2
5.899778656422942,5.425567638479547,1
9.53058575352624,-3.0930018857531225,2
9.188097653044032,-5.0143043566529535,2
2.9078497583252125,6.110711456857579,1
-3.226016169911151,1.7966733226695837,0
9.889832543319574,-5.337332632874992,2
-3.58197319581749,8.012653574802815,0
9.463654068533241,-11.501887351338212,2
-5.926270032674007,2.6738138948468273,0
7.386199641666008,-7.086951666973559,2
-3.5980420679632665,0.2758218077375351,0
10.077814326449502,6.962127975168453,1
-2.6001313165415456,-0.5545415259174914,0
5.904147097251921,-8.206272431590973,2
7.203603751465668,-6.22741097531902,2
-5.569519778661418,1.4267689169650553,0
-3.8191520415232723,-0.2808019879999618,0
12.063748681391083,-4.210749137957982,2
1.4597592492099425,2.2196702132803416,0
1.6255173549364104,-2.0195482094636015,2
6.339968122000274,-8.505478618282373,2
7.791126418279404,-6.611470792027473,2
7.662420346579799,-6.328448461233605,2
-7.026816536261842,-2.7886237663567846,0
-5.251897923124384,1.4408406475059137,0
-7.719867826725892,0.8145577384423897,0
2.7929953846329574,3.9143633941740035,1
4.849251051694361,6.376256213806845,1
-3.3091964743921682,8.193073030182017,1
-2.514952613824608,0.18116222332413295,0
6.712374760818553,5.301115997469753,1
-8.943213458702772,-0.977748474904593,0
7.457853724433548,-8.886000151617054,2
3.196243891735409,1.699320678340821,1
6.8467508397711,-6.731906900159215,2
-3.3682141456673045,4.25142598942848,0
-3.1044805134639226,-0.4920392567356595,0
2.127837494130998,5.80955108824658,1
-0.05304180512584278,-0.12849913968346838,0
4.155123519237327,7.034100002569192,1
10.443251857514081,-4.879551317946575,2
-2.5576025920365177,-0.8291774242697001,0
-9.256287966962397,-0.6353856133251179,0
0.32269354360140934,1.6844447606453958,0
1.347574092140655,-6.685302167990676,2
6.582784582704859,4.020698516222721,1
7.267131986528187,-5.13260526243675,2
-1.5535571336117435,-3.5013916753043364,0
3.4894932740992872,5.93063056682321,1
0.10919176437456724,4.419268172435535,1
-5.815670751207246,-3.0332848764283873,0
1.1882298013864983,8.710558928231302,1
2.8099931321330516,5.520873566169015,1
7.819132369431825,8.151348165280291,1
8.606080359958689,10.477782344148093,1
-4.518544940431684,1.684484610266928,0
7.732929812278586,-8.008984369101604,2
7.117584107579348,1.9619758436364587,1
5.275773693758518,-4.460320726510635,2
5.014779548914059,9.833297781581294,1
9.04537846306185,2.0424222084446955,1
9.398737016977806,2.1168614327753867,1
10.437590697129005,-2.971922059394179,2
7.705364844314422,8.901068505113647,1
6.486981287917446,6.510160908114729,1
6.230271466704191,-5.474687231987783,2
-0.18552852666948905,0.5555407663698928,0
-3.4270161671100645,-3.029359579117366,0
5.460400705614599,4.964621938434606,1
8.478902189091063,7.403804427290625,1
6.0285941083561685,4.391892033308537,1
6.117315658820118,8.016768863074766,1
-2.9703218996249814,-2.5801830959133554,0
8.12761160056747,-2.8271450955811157,2
5.602753755984812,-8.793680414325458,2
9.34753989595515,-3.74810109785561,2
0.278998349433059,-1.9196622559959184,0
8.290010652158122,-6.827325076927723,2
3.313698032412594,9.352281548962754,1
4.985988200306008,7.179979105089361,1
-5.4899893267971605,-3.9864713048404896,0
5.997556726950528,-8.012472807572191,2
-2.876362639723074,-0.5151847145643833,0
5.532547392475468,-8.28023440748389,2
-6.8734191044331325,-1.4532202780337238,0
3.973230518288294,7.3680711854484215,1
-8.158338331598074,5.835044585661916,0
-2.457643532478147,-0.8966467498318986,0
7.476155131707996,-2.0095661398202322,2
-1.352742978131304,-1.9079099188993416,0
-3.7458427015925633,0.3751107504274846,0
3.7397351667736087,-4.310901576661703,2
6.025516953039985,0.7510096850830994,1
-6.410384219235989,-0.25659809702253833,0
6.806490732537716,-3.0909556656971104,2
11.371074149930752,-6.340030739467971,2
6.36817696832917,5.7839706159599515,1
2.9536661877986683,5.924769277888995,1
-0.6695797599247548,-1.1229390710808689,0
1.1283223744445303,2.7574204977684347,1
6.869421169188552,-3.719533386765262,2
5.677959946687214,-6.700897050145967,2
-1.774337835694857,-0.7929067178297862,0
5.9787883334018685,7.524293124658036,1
5.8922399564953585,7.84810472350933,1
-9.26734006248201,-5.107695167184521,0
-4.215247227193751,-4.7925890353368725,0
3.971688060219481,5.4402480299428,1
9.907013322838768,-3.5818257415383203,2
-2.630614329608773,-2.255217533477889,0
12.59009030543552,-7.736298417863254,2
7.002592261906592,8.234057580056797,1
-1.41868230804609,5.637195932349116,0
8.258195786690802,7.391147862546013,1
6.024472143879002,6.881454824285014,1
7.956413303060495,-4.495319574543563,2
5.485630952835332,9.612252972846594,1
8.779131868837258,6.306365330501152,1
3.974768832375041,6.779499638103928,1
4.492590881435339,4.1782664615127985,1
9.155157154806794,-10.444052504366809,2
6.816605687163358,-6.204728907870926,2
7.340910859793861,4.48041766189682,1
7.354275903143319,-8.218422224091738,2
5.797472133714038,-4.740921469298422,2
6.229915880348392,-6.047968515354629,2
-7.886637783545691,-1.1836152208811823,0
8.438200125708935,6.901952575098571,1
6.790196464258351,-1.9168045227697323,2
6.412048067977415,4.803558809113332,1
-4.36750658266155,2.6416077736122796,0
3.3129772731558447,-8.122474275165683,2
-9.739403253541003,-5.318641131505665,0
-6.526090772142954,3.212337267567107,0
-2.117100836801906,2.3920402897750312,0
7.427182686860376,3.8636522104304127,1
3.303273053499474,-6.9308685353111255,2
5.688167102733289,6.890355948416248,1
2.5948881024967942,8.951732426909455,1
6.523504291146606,-12.531020225498384,2
6.428209484940965,4.090335904645862,1
1.9958062317644343,2.375140374730943,0
0.22261006687798623,2.0077690665689145,0
4.961765706819139,2.700900686942538,1
5.77509367307909,-7.715211590159141,2
-7.418010347286639,-0.4807247532457395,0
-3.3218814286106984,2.5917715082722066,0
10.352701850323122,-7.392803679497984,2
3.1537264741156434,-3.9962098043071985,2
7.8196690347576485,4.830353003872112,1
7.180781609665891,3.4982756848797467,1
6.969103784333861,-4.001975823584867,2
-1.4687084118501312,-2.30316145680709,0
6.50216152629864,-8.169856355557807,2
-4.73518281742737,2.0551888828783116,0
4.178719759577659,5.944631025731793,1
8.343148179923553,-2.6087052334484695,2
4.636729183182359,5.125654865418871,1
-2.414294925228238,1.1892498094071189,0
10.3216044744523,-10.160151873639938,2
10.073290916133917,-3.481306540310028,2
-0.9170712262591509,-3.5579607340545722,0
6.979103835323084,3.3933415847563504,1
8.137950063174621,-5.624999607744129,2
5.781803704424131,7.34126724947418,1
8.2526235380904,-7.455449253128313,2
-4.048717531203031,3.0598126120610223,0
11.054332406801787,7.931280500143063,1
11.806909799745167,7.942119468621039,1
-5.141292760876884,-2.6222437926959223,0
10.896506325637246,-6.930778428605164,2
-0.6578361444371534,5.925154962947447,1
1.187428164888603,0.014658370079486227,0
7.416565848473281,-9.870253651054629,2
-3.7423934854557115,-3.71829772345506,0
4.591735148487989,9.126784208344327,1
9.245058599734369,8.318930650105615,1
-7.904549023731752,-3.0864459036323058,0
6.981862321377089,-3.3736558047529086,2
-3.938947382570319,1.115776311058374,0
1.412311554096096,-3.520881958363248,0
8.570323495962876,-6.854518028738551,2
-1.289375957410937,4.146254711640718,0
5.887760582726763,3.29871870760236,1
-4.239181642337976,4.70541073789439,0
5.981751384235343,8.242480549009159,1
4.220806824706943,10.175882187191531,1
3.8152399876947007,7.636956311439757,1
-1.2034734690249707,1.808716684486623,0
1.532123100131268,-2.4919235222569185,2
-4.657248220075292,-2.5363771514222746,0
-9.129691943289302,-0.22160329109182264,0
-5.336066802634756,-0.9150894145845243,0
5.667987570887488,6.719591360601851,1
1.976737494783734,-6.758549776726499,2
3.1157943627192224,4.4965677233570025,1
2.5575721785500365,2.6488057913061334,1
-1.9571626292908857,-7.2849767726976244,0
9.919352950786148,-9.498940721850392,2
3.3220921627337074,12.91995007376969,1
6.108149267900998,-6.584802480180705,2
6.009779767868845,-7.027839396505318,2
2.6597794588456503,11.92897130575232,1
-2.186808359393254,-1.5684089754428827,0
-3.7406615020640803,2.2223538654070056,0
8.470496918615876,6.712217878355974,1
6.709540702700645,-5.922741196788444,2
-3.1354190217787985,2.651210408826132,0
-8.353672008326413,-1.392390555651577,0
8.703739175648812,5.155254008094873,1
-5.131528265661424,0.3240985386093245,0
9.647304325814476,-4.008846943642356,2
-7.838681993524005,2.3744697281625653,0
3.5403199381438144,5.770263127682402,1
5.527271646660612,-8.459867177345991,2
-8.820406298677426,1.204342267923616,0
-1.5412294569356297,5.287310918444576,0
8.518650512812137,-7.8568994488382895,2
0.25250815679842553,-2.765359659050519,0
9.515202863214896,5.130047806779157,1
9.068671096826339,6.7365232243936575,1
8.150500398059563,-1.613392706820255,2
8.222069304326764,-8.07696112023362,2
6.490293990027761,-6.575779066130144,2
3.526709510091998,-6.34837845820004,2
-6.854202754357851,-0.8699931973968911,0
4.703363074324534,10.487796660817741,1
5.572343953942509,4.564252907451273,1
8.973756143282243,5.718109414093887,1
8.550579854552845,7.878592583702936,1
3.5561851851789297,-3.25168044556093,2
6.553242060488855,4.560362436121603,1
0.3677429076508023,11.317017354224623,1
4.88771332483391,12.162722071367392,1
6.423055679446476,-9.644005481666532,2
1.4367832761675912,4.877748952894617,1
9.530548835985808,10.47871908776375,1
7.996303950102092,-6.416852985126909,2
10.006336445854187,-5.857557351972494,2
2.7068057778985617,-4.380915579114889,2
5.091055473258414,7.461065445907465,1
-4.916815514201151,2.6266484420441514,0
-6.524910740817612,0.04910673521753045,0
5.496911664325023,9.98147475990736,1
13.668952020212325,-5.766032409939888,2
1.4780354816994028,9.04898597812873,1
10.302824165194155,-7.028365467346578,2
6.461560470682546,-5.193848122200915,2
7.309150543982381,-3.9120635048279766,2
7.204465644637532,-11.275937030682492,2
-4.810281847413473,1.0227340120177857,0
8.15921131638273,6.218309255750703,1
-4.848152685209669,1.6531505270862739,0
9.095455257737303,6.049018247513024,1
9.442263222143751,-11.03354256308194,2
2.373869758830684,6.551332999985165,1
-4.4982886589363265,1.4789882080278716,0
9.565962511303459,-6.183660189041606,2
5.701343316525795,8.678545953244054,1
3.5695679689031037,-6.699371415737672,2
5.509277635450167,2.439502352238493,1
11.979364571794871,-7.263121667310697,2
8.626868131552976,-5.478438952367465,2
0.5777915563096352,-4.869532723903196,0
-8.863252329331118,0.7847537138869347,0
-1.0640250003509144,-0.7699621116846873,0
-0.08167728645491668,7.059515499042557,1
7.395743263109738,-5.584584584475562,2
-2.558999829278394,1.019269196971368,0
8.785415852409056,-6.005245485624554,2
0.9634424345110473,9.45600502452983,1
3.8076434726037016,3.076543030937123,1
1.0777710752434864,0.8856056039987168,1
5.272995404316452,4.96371335780337,1
7.378502506661887,8.928370861707403,1
2.058194667338973,5.897981064149039,1
0.3008404845323085,3.791534171531548,0
4.773987862630905,7.460834661306114,1
-5.581156215366347,-5.137867453480659,0
-5.905517758030776,-1.2767020131378666,0
-2.657254100001884,-3.4100045202202374,0
-5.013374505326587,2.0365338082552604,0
-1.9008361129752924,-2.9972310665637907,0
3.10724666461503,8.789285817363988,1
8.80266942442077,-5.1812565913596575,2
5.725419875323107,5.2141660767758085,1
5.8398040249855825,6.4570875007588295,1
5.576626447599535,2.479970124013631,1
-4.386110552173359,6.216468245823605,0
-1.1546644788332383,-2.619034917939296,0
-5.68636225973205,0.4424701938339333,0
7.801538315664506,7.4950818655507065,1
4.4538909105995,4.847352236445133,1
6.648894607889099,-8.218300429673654,2
7.063876530714657,-6.218695794930042,2
5.446194070164444,6.795203231049359,1
3.7374809824684094,-2.7944552408623977,2
7.2516196447716945,-7.930832118036972,2
7.412201004928574,4.183287585353229,1
5.349688171442781,9.5051951769199,1
6.921291392240374,4.552798456241449,1
-0.04957149017446261,1.9026723190787471,0
1.8292029782781234,7.246012899435128,1
-6.668432446747579,-0.2531073534081436,0
8.12606163157638,2.231590058900914,1
7.65418042533063,7.438299120381712,1
-2.4546397485334133,1.5435960553102375,0
-5.950041942166037,4.283376748300563,0
9.526706615233369,-4.958589872648414,2
-4.656381869383401,4.7043789877280595,0
8.437433590413312,-4.741956986789312,2
4.718755905138567,-5.634146931767821,2
-3.989440447631582,0.26649678887175055,0
0.22128310738286405,-1.9844955279479284,0
4.717291685609711,4.7166804920829435,1
5.089385795416504,4.683862684679203,1
-8.096266924271715,0.36785144577923296,0
10.079324289158414,-10.069179483277653,2
1.54067280241996,9.092309546566106,1
-3.8352375034527975,-1.2069368919655885,0
10.325616863222685,-5.635748984426149,2
4.560416827609062,-6.960033691934203,2
7.437590090437268,-3.6810167414878237,2
4.671365167282219,4.902296494096615,1
7.976837287325659,-2.309705294321877,2
6.020448719732217,-6.794932773674611,2
-9.422487474482136,0.6445273966654776,0
-6.222805577236518,-0.645312386579479,0
7.4073095708428935,2.421945746142465,1
9.87093744409713,-5.24014005348233,2
2.515288076640309,6.631823820229888,1
-3.084625587261528,1.4628462379151983,0
-4.430929168986418,-2.5221229157600398,0
1.2837931919652634,4.3844165257414875,1
7.225144979876816,-2.2733142216599163,2
-6.813117958780612,0.9922103743076326,0
6.153232902513822,1.144070373284551,1
6.918008383203944,8.288533733674495,1
8.22207341898466,3.5267525139021907,1
-6.618600398256033,0.9567238670749226,0
-3.810493836003766,0.10370935980746793,0
1.520918055970656,5.429613975943614,1
7.217308069056027,-8.908140776191054,2
10.465734687835138,-7.545757090450196,2
8.98624046779103,-5.97073547256902,2
5.320197721407444,4.891415771747949,1
5.661678369711507,4.970175949906707,1
6.282870071440289,-0.7628569025191148,2
10.634330152549524,-9.352348819525751,2
4.198452244546498,2.166926173469558,0
9.39880249604108,-7.605922106936091,2
8.276417119417662,3.9300453229205057,1
6.858375332350482,4.246063907846716,1
-9.133717559125905,2.390122491325709,0
7.566629003465342,7.403359208464007,1
9.293591923252302,8.05308562582285,1
-4.147309607432402,2.6613889128155668,0
5.663400621548951,-5.00769055879627,2
9.803071057897604,-9.44938470328847,2
-4.241934739077738,-1.410297342822362,0
7.426979017012436,8.291091771122343,1
8.38152856539406,-6.244736874823028,2
0.6785784757229187,8.046616619998975,1
-5.27610416176396,0.8983819386899893,0
4.255960466560455,0.810530609372341,1
-0.42338853667769794,0.35730697153537916,0
4.17791588997445,4.952785036065199,1
8.746713621107986,-5.548754581550254,2
-4.061244645137599,-0.7572557963421147,0
9.231025892434745,-5.635699193834423,2
9.222854194341569,-10.683783549034032,2
3.080451634067675,8.327140544845058,1
-3.632382867703965,-2.3492469782091145,0
-1.9918609733104757,-1.4486309762410305,0
-2.5374244472395855,-1.115546035418433,0
11.068316470868501,-5.419110790437896,2
2.334396954774807,8.421311044331794,1
6.405101651729761,-4.768203671333986,2
0.20435082863482457,4.728071731387568,1
6.67751627074216,-5.179990049555281,2
5.678729346692501,7.1689530007643585,1
-7.099173734683409,-0.02631316038851711,0
5.4079262477196295,0.6501992068613163,2
8.466916403619148,-2.5171096306629663,2
2.8224997706166097,4.395176500906801,1
5.528079803210757,-6.01659318422192,2
-2.184213560951184,-2.684628699098148,0
-1.7661730101271313,-3.0094138838251836,0
-1.959789823112904,1.2036207713641827,0
6.377655153122889,3.079181869717104,1
8.078537927940925,3.5396140081906857,1
-3.559223560212046,-0.4755110437091594,0
1.3168448491206535,-2.341166876424511,2
-5.221891788771934,-2.2790458235785875,0
4.356797915217134,5.3535064925940565,1
-0.9490445429644421,9.631413158822955,1
5.7411111102432155,-2.948262921337311,2
5.899835854800739,-8.711931490518843,2
6.408922746409287,-9.033413941545103,2
9.83877457584421,-12.132469592304426,2
9.043466637847036,-6.679711053412644,2
-2.3388158147380755,2.0854899809051597,0
5.112563045707706,5.0181850501965855,1
6.615676196567854,-3.1618997698515328,2
-6.307939734463414,-2.5538814289686376,0
-2.1404589139881454,-2.7798965456696756,0
9.339236744187858,-4.559922321862097,2
8.380829324707593,-6.865544455376657,2
8.549048923332446,-3.8523012670656684,2
-1.8194654180710175,-2.1671798410952134,0
5.060365192398431,7.645171161893645,1
5.253803414532945,-3.97493877180162,2
4.712271626548206,9.952261823707765,1
6.154564973167623,5.169925698881461,1
-0.23555635697549127,1.6877567532634046,0
-3.2980418585248223,-0.7934119799974191,0
5.954573414986598,-4.722923291081462,2
0.2529179659417924,-0.037968302016046285,0
5.689683038152597,7.548716480448581,1
-5.894061720043801,-0.48874035913177427,0
12.496582499407708,-4.238560889753676,2
8.434143233214332,-5.284944424006465,2
-2.441129350900316,0.29352214529080345,0
3.7248445995897415,5.183880928478697,1
1.5300191117404776,7.212835257295478,0
0.821551566915339,9.483088650312885,1
-4.2214142512813435,0.03443632255763479,0
3.5057736813039817,-7.252483366553516,2
-4.864865642445844,2.2599064678914735,0
-3.89364635425405,-0.6595672723977037,0
4.794399638569262,4.579931718628572,1
8.181027237607404,-7.482704397127207,2
7.089926936397578,5.833351694196206,1
-6.051442890377348,0.02562225049940242,0
5.0208080413954495,-4.894395290960034,2
8.673759949073753,6.0195070203200585,1
-0.2810007148060354,1.5010074373660334,0
-4.234700738941733,-2.8454428358401915,0
7.9743976369718474,-7.058692041272016,2
7.303488945992181,-3.380549801796676,2
6.983666569616365,6.487051666777024,1
10.307538920007392,-4.56322451251976,2
0.4622940317395017,-0.17612694369724313,0
-2.9953511823306482,1.9312475472257316,0
2.87928594991919,8.60797407288188,1
12.756978437459619,-2.6554335111246963,2
-6.398597330190986,4.2206068573028235,0
7.539884368981628,8.59695977054628,1
5.371829095783315,5.626854742111435,1
2.871935477412196,10.66190478402784,1
-1.3446203364265235,-2.309608173795595,0
-2.7273769586942525,-0.6561668197252069,0
5.090681881650404,4.727959248428301,1
1.701512914046904,5.8437624763155025,1
-5.719288037816699,-5.7298252476428555,0
4.36665203402504,7.525713437949271,1
6.85201908584241,1.6341524407708503,1
6.791714321752732,-4.852314497918732,2
5.173495372569071,-5.943104161923644,2
8.151276023531011,5.929190358619405,1
2.9139903615255873,7.837564018846784,1
5.113150989039405,-11.616826261350191,2
6.553957183112048,-5.295251226010974,2
4.815366381013241,2.9435978829500993,1
-0.1983362281200005,5.049144590253103,1
6.571362073414972,-5.1913744635746655,2
9.979530718711077,-5.923721745201613,2
6.371477030275665,8.071768311865526,1
5.578769450922197,3.7917981605603246,1
6.264247205579192,7.318027044551004,1
3.7992279281789774,8.47824776416615,1
-3.418690438351594,0.38729890590700417,0
8.626899324776762,1.9157577453501884,1
6.555648031980067,-5.144883415289124,2
8.10339278828986,-2.541171796673257,2
0.8184295439434521,9.25948020856561,1
3.262350501690638,5.105278546844161,1
-8.360874156845265,0.9105569624357265,0
6.814709773563317,9.66511980398272,1
7.406178260885596,-5.137071725825367,2
4.421931814196236,8.416206673697518,1
-0.1482209687171574,0.2503637101383138,0
-1.934113163145856,-4.2387717733594545,0
6.790095456703404,-8.102626784516088,2
-4.601614661218723,-0.5358749981793325,0
11.463262371015226,-8.126695092170186,2
0.15655800915358142,-2.232697403115666,0
7.75503757483067,3.2103794605852936,1
2.284568661663967,7.310917870918944,1
4.354852169197202,5.189584738326391,1
5.992674626848114,-7.13013137298395,2
6.834531441781918,-8.977410530646964,2
6.2395856576042386,-8.83812859770854,2
6.664720651771259,-6.384962761342008,2
4.970205426943425,-2.793149888896801,2
8.323141409911296,5.026917152360904,1
6.200183991740947,-3.3413679316656215,2
-6.502433737813599,-2.5737160726900656,0
-7.422664775198609,-1.7035041168814833,0
-7.630276839754229,1.5768946391433663,0
11.182059223353516,-4.6366875918136685,2
1.6994536021253386,3.0902433372146523,1
6.648096197726829,-4.032871911202655,2
9.331636085970217,5.762131358078026,1
8.977398989747773,9.426817156019458,1
8.638845254032177,-9.928141355542557,2
5.026500345963015,-5.2870815273785565,2
-4.37323424152078,3.2506969824109126,0
4.381248150455398,7.1554530588641985,1
-0.3105282331687853,4.628599295113071,1
2.6759012325784433,-8.300446499498445,2
5.852333142107026,-10.53379599508257,2
2.9617310719460397,-5.902089463558949,2
7.616931545041622,-5.960994431163414,2
7.89697770733793,-2.2443888564115,2
-5.535874445781477,3.721549975824031,0
4.342973809589513,7.81800248072303,1
-3.016011865839694,-7.178871189292486,0
4.679988293310222,-7.090544826929292,2
8.543795389861796,-5.801086028292114,2
6.884400691908668,-6.649289678046345,2
-3.8030670180041737,-1.13180529706599,0
5.22338994031924,3.541506201410975,1
3.250560893233019,-6.139994532320597,2
-4.0104708471970625,-2.2441600961581925,0
2.812356090913187,6.12211562169944,1
-2.3354293909636485,1.765143341696917,0
3.310246675583259,3.5726558362465104,1
-6.5093077300248225,1.930728294129941,0
6.88141164564165,-10.54295014418025,2
9.241011589638628,-3.358928515936975,2
7.22039025674208,8.430091890229406,1
-3.74583242926715,2.0245611481053416,0
5.046248621537527,-4.380107553665793,2
3.561804137650232,-4.365146838836305,2
-2.7170486520878274,3.0048118592149073,0
-3.1969317931112258,-4.476988295221109,0
4.321265814432255,3.087534443984924,1
7.356694979143059,-8.21686733435182,2
7.4206160477910705,-8.747106299726337,2
8.467443234148035,-10.51265155330013,2
-4.674830780127777,0.0761906858198394,0
7.998963155627327,-5.613878661346544,2
9.259444121681813,5.710077154201097,1
-5.1726799223780375,-0.4704116256642038,0
-7.28431021918496,7.82115121303736,0
9.157223500722358,-6.151758508738044,2
6.1567571156851395,5.626581359260351,1
0.05096252112444066,0.12507941199260753,0
1.2688307500652476,8.279997554998333,1
12.658071946986594,-1.00691680527797,2
7.342073793488859,-4.4415558202617005,2
1.424002342042317,-1.1321196881074413,0
4.947453825719408,10.778592794880261,1
10.590862642733963,-9.17821730609081,2
5.924849634103092,6.877259318790828,1
-8.2204937989849,-0.9964458491555328,0
9.915732719659937,-9.001215523583856,2
-2.6861860971617135,1.8136107990422996,0
1.1404027523668008,3.5892977144106,1
-8.356387924805883,3.1396158135950265,0
6.832338667342954,-6.356311639186294,2
4.431869895438006,-4.462840481394795,2
5.278862831747087,2.440545078674729,1
-4.647746701089255,-2.5578346079695042,0
2.0960995303175185,-7.648602376632296,2
10.442629607076707,4.229098108987093,1
-5.217447595952966,1.171092856732787,0
-3.091660319130896,1.8182787038243966,0
-3.160604351966012,2.060088956003776,0
-3.634898523918009,-3.649063366372527,0
6.825725947020918,-2.5137569823843315,2
-5.742170297063161,-2.280245281278393,0
7.46697040722608,-8.24882024278736,2
4.575743698863361,8.75000449081227,1
7.26218716173543,-4.175085750588052,2
5.602565853970157,-6.729254562252068,2
-1.3096264532664605,-2.8908052366767354,0
-2.1784834776289643,0.9431483788792551,0
7.025222000342826,9.44801817531293,1
2.8962931103201304,5.964750473085424,1
4.657768655273,-4.256581610776926,2
2.450109398757907,3.625250936869585,1
2.934163797887618,5.282861345182571,1
-2.376459315520197,-0.614625526154537,0
5.0852405997361565,-5.6532906192339,2
9.199718151999528,-4.327464614454024,2
8.077312956277066,-9.93629792568106,2
7.741276439544092,3.2882842821586156,1
9.027124424275302,7.505702369690285,1
-3.670253876657696,0.2393681420180119,0
-6.019347366593795,0.31433965160490784,0
8.301111737135,9.252753668969484,1
1.8109046480419564,3.563793173844666,1
8.046399660159654,0.7831467236111038,1
2.576524179217617,3.113445291964796,1
4.853926399597507,-10.98472088102219,2
2.391359429157998,6.71732942642946,1
-4.149461366839131,3.2834842467870717,0
7.168106926292117,-4.1510257567423325,2
9.795039540933796,5.382920614349446,1
12.778729693810456,-6.881875752515757,2
9.211666068334745,-4.671357180059568,2
-4.253888023326143,3.347176369816988,0
7.989876935426077,-7.048594308694221,2
6.847611291977413,-7.660657057482557,2
-1.8812852093534325,1.4736850203932759,0
5.5578888852000405,-3.436909382629429,2
7.163504639118566,4.20395897230072,1
4.92216833646269,6.585130480116167,1
12.14935822409382,-10.06561188283217,2
3.7329567193260456,-7.267336502608103,2
3.9893189766549817,-5.784272394125001,2
5.56731942941215,-6.111549483616482,2
3.635767747938467,1.0782647677734003,1
3.2268978117436316,-5.38591933983197,2
4.128891186005919,-0.3768816332537668,1
5.505820136766941,-10.61045949327692,2
10.9504727547617,-6.666776874199424,2
5.562738437211471,0.9521556780589808,1
-4.84955797562763,5.781865944839504,0
8.441940153558534,-11.368745580730124,2
-4.637982098216125,-1.401826898521594,0
-5.407387104971886,-1.3409407919063339,0
-6.951267328106262,4.214837717716183,0
1.2470036351279425,-0.7901207804405228,1
-2.0964319374117433,1.641251362347273,0
-5.1515661133388395,-0.3363915509182699,0
3.6189687531332577,6.198363878182386,1
0.820086767958009,-3.701195096324123,0
7.696047120005247,-2.8403638053169673,2
4.358524414983513,-2.3392145152432917,2
8.036198584183865,-6.098712883777529,2
8.53358857412939,-6.834074569690218,2
5.685570405713493,8.205124092641327,1
-0.3378964158360276,8.103704155586824,1
7.373809478034843,-5.124272202496022,2
4.850604995637207,-1.823332603055733,2
8.087364303141992,-3.9277961292177723,2
12.470682655455073,-7.926989103192556,2
-6.219800838882985,-1.0655681684652047,0
6.14810591528481,4.955731047130699,1
4.381487433122014,-0.11745254737986599,1
-5.844112579251806,2.3893496029034202,0
4.165211143233716,4.496696118339051,1
-7.824468696553515,3.377998225895908,0
1.3647679309417198,2.3802779300726518,1
2.445853385388964,6.613031139920922,1
6.219106428354616,2.4612414441652293,1
-2.897840200100496,-2.2645949656471474,0
-0.28913672821951986,1.9279756280152067,0
7.3533262588175115,-9.313415637778059,2
8.499122114116991,-8.399994253046515,2
3.998873237918941,5.154324201613741,1
8.671461639287248,-10.648405575858948,2
1.3316042308588276,4.107436861194474,1
6.2140399902766585,8.277652812109638,1
7.555774268468694,-5.155839325588709,2
8.525132850749904,6.081013158772329,1
-4.1028905410887,-1.6149371632546359,0
-4.035614977885881,1.8082306744395615,0
6.2283062171893,-4.618063065971061,2
5.989878413230802,-1.8470741480043928,2
-4.243289581244851,-2.22181968860374,0
10.376614170573827,5.808981002593182,1
7.229526530130831,-4.004556764114739,2
6.183524800503694,-0.5804647818600586,2
4.934036515623912,9.325503572518963,1
7.913517195813087,-8.356045468680225,2
-3.776769667971158,3.5834907342147564,0
-4.125061489494893,3.648422684993591,0
6.0133568964158925,5.3055653342168485,1
3.590859192058511,-6.628014574634438,2
-4.478033417929712,-0.9901577111951672,0
-9.576318275642635,4.828985853274134,0
-2.2531920152784064,-1.0623632504307956,0
-7.6823690372966205,2.2731872608339607,0
-4.746953536670906,0.181596622431867,0
-7.360107846222903,-0.032482064079730144,0
8.96641421369753,-3.5051265974507624,2
2.3877262545366262,-9.630668767675456,2
4.754094550690777,-9.69173966710366,2
3.595494259993635,2.680206268232121,1
3.063299760513061,5.891540107663242,1
-6.351006978056821,0.12393604589784413,0
6.015263308317325,9.784450374596197,1
-4.312801891344676,-0.12369478796487443,0
4.180345770564951,10.200912510130042,1
-5.2797897859594825,1.0114874302975057,0
3.9113985168324183,6.499459497799135,1
6.956484522581107,-9.239832750533873,2
-7.14103187720966,3.7569351003755473,0
7.2968600053528725,-4.476378243434745,2
4.8751160932831334,3.4579745193606564,1
0.7962153259625211,4.780673685608612,1
-4.895798777143535,0.5994134867991956,0
-2.846350145710621,4.439600213564602,0
5.19098859452327,-7.112436635532297,2
8.405331994620827,5.998905562438068,1
9.296716745960468,2.91443396439345,1
8.671905195151092,-3.445987341750566,2
-7.024790583328448,5.232738472328365,0
6.346326518486778,0.9436519117247677,1
4.583213985928024,-5.39023370625371,2
-8.976642779135442,-0.3415140644368635,0
-3.0293164415327074,-1.513556715869361,0
-6.041118043953479,-2.007955905222042,0
11.879619488646956,-11.432289878748094,2
7.794134910032282,-2.7435946705257477,2
-9.494780563107003,-1.3914081414605204,0
10.717761244375872,6.966020101206599,1
3.5853516871988744,5.07019418864315,1
-4.653369198208835,-1.797178780459184,0
-3.3243696878314286,-2.1480216214267753,0
-5.693267122201304,5.668203806763581,0
7.4513668747447825,-8.627427426259809,2
7.434566032401614,-2.3712943947402874,2
6.873381283739491,9.327671810289665,1
3.9883012930949957,5.134848937320837,1
2.480095621943822,9.60534313920586,1
4.7258739355139205,-6.046249167279282,2
6.216791122796506,7.535156851554357,1
-0.5889639193819236,1.942334422886616,0
6.07365645116378,3.1069903198285207,1
11.363381412480242,-6.744205115376814,2
-3.788879845080664,1.2647771063720454,0
3.1733452403975995,5.332483110652653,1
-6.363129173160021,3.101004328591676,0
6.3927730530684395,8.027186271839307,1
9.498537674488944,-4.412967765409534,2
2.976590291779204,-6.808685547070036,2
7.437888259897573,1.645731291112952,1
-6.069354286484624,3.581588153703404,0
-3.0719041194421983,3.342788442678399,0
-7.606922116333987,4.5800856268343875,0
6.887805529459278,-2.7617875976847115,2
-2.917597952292316,2.8689683891898157,0
6.977000033890648,-6.634080201806809,2
5.523927090712768,1.7914364438762331,1
0.7166399071055602,-2.6278754099345494,2
-3.561681616295869,-5.104393151193466,0
-3.112337913730779,0.9258772926987546,0
-1.9246306412480017,3.1373022349339936,0
-4.3523507357322275,0.34541310006914583,0
5.218291697496563,9.499315135662508,1
9.693648760065036,7.29547745261733,1
5.053477007077842,-8.636038964673851,2
6.662947502552867,-5.916632136591817,2
11.880406294944828,-3.9989244318651185,2
10.746670338588693,7.473917414249456,1
0.5410872543704972,0.8128650757585817,0
-5.729903514616884,-2.9534286105685275,0
4.19339455593151,9.353405307705,1
1.0070955373939041,-6.6442870105767335,2
4.559713826627576,9.389715421592399,1
-9.324197074016173,-2.8847802106526355,0
5.718468879049858,6.141487637735505,1
2.420777415718989,12.491407053780314,1
10.44714546850852,-6.180470358332688,2
6.42054941556335,6.377195809183015,1
8.616064416098247,9.269002738496487,1
5.685209893951438,-8.777264448856984,2
5.848834589966118,7.824176739706141,1
6.461795486923294,-6.611433941238798,2
8.511300292985407,1.023376034264036,2
-2.4481510390842427,-0.3013521306945455,0
-5.572358927323967,5.4241458273373935,0
-3.745475445878947,-2.0645305780601175,0
9.314892576645075,-3.025839654372098,2
7.460667423678011,4.374943242690639,1
4.482900047127527,-5.058445653304188,2
0.10165131998709764,2.792978771139898,0
10.570536931707785,-5.292633688998521,2
2.022557442396236,-8.368046361272953,2
-4.603607336130694,1.0961166936837972,0
4.026178374860768,7.43875803852873,1
-3.980941752907329,-4.129051100974775,0
6.2285138167910485,8.060655946214448,1
-3.487527587029484,-1.3220652824521333,0
3.1632398757820575,7.805689290828043,1
6.37538082512469,8.059236008557953,1
-5.1214761823948916,-2.1431129198295493,0
-5.67144287394795,-1.2352598066862177,0
4.941050342678763,3.781254606511091,1
-3.3332391359530398,-3.1569390010915974,0
11.579359139367059,-8.807410623381848,2
7.064027552954407,-3.8835394197808517,2
9.504077303690906,-9.150939763326752,2
-3.0072831275921716,-1.8505015093187667,0
8.726844523821843,-5.848461682202496,2
6.145534600991949,-4.413248045821886,2
-8.276654122634472,0.5059306451579003,0
-3.6306077750051933,1.886057757888953,0
10.766588000681597,9.647771129952236,1
1.9595041713498569,-5.28423353308043,2
5.376097840887622,-5.377246531065687,2
6.559362463920278,-5.866367934685334,2
4.467490737598803,5.276760616876975,1
4.981123905013277,-6.748870434083078,2
-2.6682332703021086,2.9627495058778983,0
6.876553846737399,7.023930834727677,1
5.572086784384849,-6.823126756521664,2
7.888820737331291,10.823640058844171,1
-6.663570035526909,4.592403456915249,0
6.167031722242621,6.854794432813938,1
-2.1342043996955375,3.964162298913657,0
-3.375768056651326,-3.3557700535446044,0
4.130922183925039,-9.630668238864775,2
3.2516998919024864,-7.36624753282713,2
4.451912449252696,6.224360611132616,1
-0.6905528763933027,-6.1098611105937115,0
6.527725865535884,-6.272392861309635,2
9.41195958836764,-1.6724712357248324,2
3.5552551341675014,-3.5570005019170625,2
2.180749484729308,7.2770928015684095,1
13.771236192659465,-5.834648277926595,2
4.113511879960109,-6.22679322797814,2
-2.479861520543108,6.1473390093694285,0
7.0877045816653865,-9.29342777884986,2
4.7942518299542884,-8.945673472847956,2
-6.259791145066381,-1.192463630869401,0
3.9322093941308918,3.3378147888802503,1
8.004936790145464,4.943874318373118,1
4.880238560752872,1.924380200618034,1
-1.593834845116442,0.644587011714115,0
5.1831339139013615,9.626139268939959,1
9.001792303249385,-7.399184711712517,2
5.2535069963155445,4.8082468610923605,1
1.1472798718263562,6.4812497952190515,1
7.320570371568375,-10.117160622895703,2
1.2241895486822978,4.649051524300967,1
3.8003704270471417,-1.393793964696382,1
2.623512729365686,-6.587553907805099,2
-4.035847183212422,-5.765430658754937,0
5.933224265256467,8.775204738865865,1
0.6392618698980446,8.496261803267362,1
5.254176384751559,5.897191186505856,1
7.033585581541081,-6.411192875596678,2
-4.2141718410509315,2.658208350169512,0
9.227480724690965,3.9731899647731423,1
-0.974926738856833,1.8121193822921684,0
11.070467745253023,-5.371563554246387,2
10.27400002833854,1.4601897956148555,1
9.390170734139364,-9.651409109534669,2
2.377133340378013,6.668157765653209,1
6.856684704335137,8.631925464801222,1
1.6113387515781001,-8.00475016855513,2
7.424463521290807,9.235799952249396,1
6.882400262175066,-4.84410743704057,2
4.55803465173322,-4.003981116484145,2
10.344821549742667,-7.639645704687592,2
-3.3194099096995293,0.23942117903601198,0
-0.8965259485410035,0.889827245280179,0
7.863211517715915,-8.19478761593492,2
4.907572106390427,2.7388167586245538,1
5.934148735577279,-2.7439124604608867,2
5.20891587487049,-4.48685892482967,2
-3.0450554334075206,-0.3640971881751056,0
9.264991931708211,-9.34133207162471,2
3.907024674192406,8.41276732213449,1
-2.59377297034551,0.24170530400678172,0
6.971908797227881,-7.18632305950835,2
-8.093397098107047,-3.8105511861587136,0
-4.543944781555206,-2.619277717176261,0
-6.138887549860573,0.3112754330123436,0
7.425750324617814,4.858338829130358,1
-5.360570553844507,7.5272352875814565,0
10.393177399813712,2.7976476584748586,1
-4.14398915198373,0.8435622522663029,0
7.748186233419756,-7.349183171599427,2
-4.101814952843844,1.6741372427419547,0
7.090816355007309,-5.236118313586258,2
5.1957814360775805,-8.323272824340933,2
7.449939847391635,8.558695461693674,1
3.7473672880943676,2.550824421112119,1
-3.7202666942843665,-1.7920107365792841,0
10.288266846632526,-4.826779955022817,2
6.3202404428218175,-6.5026813355163835,2
7.828047033836958,-4.798221187473266,2
2.7979084162222176,8.56203736352246,1
6.777365987268378,-8.16055858087499,2
-2.8043625122568794,4.292765689918932,0
4.628709043637887,6.255632344065487,1
4.339850550649046,3.681589528869551,1
9.479938975928029,-12.339157397069094,2
6.399339643624812,8.440507218280523,1
6.8444492041340155,-6.864775983392184,2
5.150109141023286,-11.768879683104702,2
-1.2634919884036107,-0.5125239299466726,0
7.1642278699264414,-7.978454329839458,2
-1.697329781537802,-0.3658233156657771,0
7.837693569133631,-1.8006299710002134,2
2.2004390076578355,13.071056555610404,1
9.566223958196936,-7.493880652609753,2
-2.4982458859769503,2.0678331005627535,0
4.976452918220238,-4.029180390206411,2
6.2738201202691455,5.900516777260472,1
-4.356945460011002,0.37876829050255917,0
-4.926177515598428,4.3633101042295035,0
4.074892964406199,4.204343446407565,1
-0.220755121633466,0.17001152720583004,0
-5.016813384932696,0.0222531361526222,0
3.416368289162378,9.281951615292305,1
7.517788783648088,6.98922460752464,1
-3.2238827315906526,0.6143296021706396,0
2.01228210233391,5.129587724893899,1
6.84801329688608,-3.84649873265585,2
8.602566043698959,7.563471255492479,1
9.400493644188737,2.880034884239377,1
6.051636281684506,8.117828240606736,1
-4.534520927502562,0.9250466779146911,0
6.3292608211646195,-2.880705516778999,2
6.400138882416127,8.77570102764936,1
3.2021818220192966,5.259307111506884,1
4.371540593957667,-7.697526966770389,2
7.875541762215562,5.418815078421901,1
9.63463049233258,5.596678817569355,1
9.585326459738074,3.85281937661785,1
3.533524775917724,-9.481304727862458,2
3.0343787680596765,-5.980946847656606,2
-4.094758556280585,2.5081215418608203,0
4.4900825248478995,-3.49285907006848,2
6.810115341976892,-7.448687905466094,2
